﻿product,issue,table,category,code,desc_c,desc_e
HKMDS,201912,,product,HKMDS,香港統計月刊,Hong Kong Monthly Digest of Statistics
HKMDS,201912,,issue,201912,期號：2019年12月,Issue : December 2019
HKMDS,201912,T0201,table,T0201,表2.1：勞動人口、失業及就業不足統計,"Table 2.1 : Labour force, unemployment and underemployment"
HKMDS,201912,T0201,stat,M020101,勞動人口 [千人],Labour force [thousands]
HKMDS,201912,T0201,stat,M020102,勞動人口參與率 [%],Labour force participation rate [%]
HKMDS,201912,T0201,stat,M020103,失業人數 [千人],Unemployed [thousands]
HKMDS,201912,T0201,stat,M020104,失業率 (註釋 1) (經季節性調整) [%],Unemployment rate (note 1) (seasonally adjusted) [%]
HKMDS,201912,T0201,stat,M020105,就業不足人數 [千人],Underemployed [thousands]
HKMDS,201912,T0201,stat,M020106,就業不足率 [%],Underemployment rate [%]
HKMDS,201912,T0201,class1,sex,性別,Sex
HKMDS,201912,T0201,class1_code,sex_01,男性,Male
HKMDS,201912,T0201,class1_code,sex_02,女性,Female
HKMDS,201912,T0201,class1_code,sex_tt,總計,Total
HKMDS,201912,T0201,class1_code,sex_oa,合計,Overall
HKMDS,201912,T0201,note_figure,(#),臨時數字,Provisional figures
HKMDS,201912,T0201,other_info,note_1,(註釋 1) 經季節性調整的失業率是指計算失業率時，已根據 「X-12自迴歸 ─ 求和 ─ 移動平均」(X-12 ARIMA)方法就其季節性變異作出調整。季節性調整不適用於全年平均失業率。,"(note 1) Unemployment rate (seasonally adjusted) refers to the unemployment rate adjusted for seasonal variations using the ""X-12 ARIMA"" method.  Seasonal adjustment is not applicable to annual average unemployment rates."
HKMDS,201912,T0201,other_info,source,政府統計處住戶統計分析組,"Household Statistics Analysis Section, Census and Statistics Department"
HKMDS,201912,T0202,table,T0202,表2.2：按以前從事行業劃分的曾工作失業人數 (註釋 1),Table 2.2 : Unemployed persons with a previous job (note 1) by previous industry
HKMDS,201912,T0202,stat,M020201,曾工作失業人數 [千人],Unemployed persons with a previous job [thousands]
HKMDS,201912,T0202,stat,M020202,曾工作失業率 [%],Unemployment rate for persons with a previous job [%]
HKMDS,201912,T0202,class1,prevind,以前從事行業,Previous industry
HKMDS,201912,T0202,class1_code,prevind_01,製造,Manufacturing
HKMDS,201912,T0202,class1_code,prevind_02,建造,Construction
HKMDS,201912,T0202,class1_code,prevind_03,進出口貿易及批發,Import/export trade and wholesale
HKMDS,201912,T0202,class1_code,prevind_04,零售、住宿 (註釋 2) 及膳食服務 (註釋 3),"Retail, accommodation (note 2) and food services (note 3)"
HKMDS,201912,T0202,class1_code,prevind_05,運輸、倉庫、郵政及速遞服務、資訊及通訊,"Transportation, storage, postal and courier services, information and communications"
HKMDS,201912,T0202,class1_code,prevind_06,金融、保險、地產、專業及商用服務,"Financing, insurance, real estate, professional and business services"
HKMDS,201912,T0202,class1_code,prevind_07,公共行政、社會及個人服務,"Public administration, social and personal services"
HKMDS,201912,T0202,class1_code,prevind_08,其他,Others
HKMDS,201912,T0202,note_figure,(#),臨時數字,Provisional figures
HKMDS,201912,T0202,figure,‡,由於抽樣誤差大，統計數字在統計表內不予公布。,Statistics are not released due to large sampling error.
HKMDS,201912,T0202,other_info,note_1,(註釋 1) 不包括首次求職人士及重新加入勞動人口的失業人士，因為沒有關於他們以前從事行業的資料。,(note 1) First-time job-seekers and re-entrants into the labour force who were unemployed were not included as information on previous industry of these persons is not available.
HKMDS,201912,T0202,other_info,note_2,"(註釋 2) 住宿服務業包括酒店、賓館、旅舍及其他提供短期住宿服務的機構單位。
","(note 2) Accommodation services sector covers hotels, guesthouses, boarding houses and other establishments providing short term accommodation."
HKMDS,201912,T0202,other_info,note_3,"(註釋 3) 零售、住宿及膳食服務業合計通常被稱為「與消費及旅遊相關行業」。
","(note 3) The retail, accommodation and food services industries as a whole is generally referred to as the consumption- and tourism-related segment."
HKMDS,201912,T0202,other_info,source,政府統計處住戶統計分析組,"Household Statistics Analysis Section, Census and Statistics Department"
HKMDS,201912,T0203,table,T0203,表2.3：按以前從事職業劃分的曾工作失業人數 (註釋 1),Table 2.3 : Unemployed persons with a previous job (note 1) by previous occupation
HKMDS,201912,T0203,stat,M020301,失業人數 [千人],Unemployed [thousands]
HKMDS,201912,T0203,stat,M020302,失業率 [%],Unemployment rate [%]
HKMDS,201912,T0203,class1,prevocc,以前從事職業,Previous occupation
HKMDS,201912,T0203,class1_code,prevocc_01,經理及行政級人員,Managers and administrators
HKMDS,201912,T0203,class1_code,prevocc_02,專業人員,Professionals
HKMDS,201912,T0203,class1_code,prevocc_03,輔助專業人員  ,Associate professionals    
HKMDS,201912,T0203,class1_code,prevocc_04,文書支援人員,Clerical support workers
HKMDS,201912,T0203,class1_code,prevocc_05,服務工作及銷售人員,Service and sales workers
HKMDS,201912,T0203,class1_code,prevocc_06,工藝及有關人員,Craft and related workers
HKMDS,201912,T0203,class1_code,prevocc_07,機台及機器操作員及裝配員,Plant and machine operators and assemblers
HKMDS,201912,T0203,class1_code,prevocc_08,非技術工人,Elementary occupations
HKMDS,201912,T0203,class1_code,prevocc_09,其他,Others
HKMDS,201912,T0203,note_figure,(#),臨時數字,Provisional figures
HKMDS,201912,T0203,figure,‡,由於抽樣誤差大，統計數字在統計表內不予公布。,Statistics are not released due to large sampling error.
HKMDS,201912,T0203,other_info,note_1,(註釋 1) 不包括首次求職人士及重新加入勞動人口的失業人士，因為沒有關於他們以前從事職業的資料。,(note 1) First-time job-seekers and re-entrants into the labour force who were unemployed were not included as information on previous occupation of these persons is not available.
HKMDS,201912,T0203,other_info,source,政府統計處住戶統計分析組,"Household Statistics Analysis Section, Census and Statistics Department"
HKMDS,201912,T0204,table,T0204,表2.4：公務員人數 (註釋 1) 及有關職位空缺數目,Table 2.4 : Number of civil servants (note 1) and civil service vacancies
HKMDS,201912,T0204,stat,M020401,就業人數 (期末數字),No. of persons engaged (as at end of period)
HKMDS,201912,T0204,stat,M020402,職位空缺數目 (期末數字),No. of vacancies (as at end of period)
HKMDS,201912,T0204,class1,sex,性別,Sex
HKMDS,201912,T0204,class1_code,sex_01,男性,Male
HKMDS,201912,T0204,class1_code,sex_02,女性,Female
HKMDS,201912,T0204,class1_code,sex_tt,總計,Total
HKMDS,201912,T0204,other_info,note_1,(註釋 1) 有關公務員的定義，請參閱《香港統計月刊》第11頁的「概念及方法」。,"(note 1) For the definition of civil servants, please refer to the ""Concepts and methods"" on page 11 of the Hong Kong Monthly Digest of Statistics for details."
HKMDS,201912,T0204,other_info,source,政府統計處就業統計及機構記錄組,"Employment Statistics and Central Register of Establishments Section, Census and Statistics Department"
HKMDS,201912,T0205,table,T0205,表2.5：按行業主類劃分的機構單位數目、就業人數及職位空缺數目（公務員除外）,"Table 2.5 : Number of establishments, persons engaged and vacancies (other than those in the civil service) by industry section"
HKMDS,201912,T0205,stat,M020501,機構單位數目 (期末數字),No. of establishments (as at end of period)
HKMDS,201912,T0205,stat,M020502,就業人數 (期末數字),No. of persons engaged (as at end of period)
HKMDS,201912,T0205,stat,M020503,職位空缺數目 (期末數字),No. of vacancies (as at end of period)
HKMDS,201912,T0205,class1,industry,行業主類,Industry section
HKMDS,201912,T0205,class2,sex,性別,Sex
HKMDS,201912,T0205,class1_code,indsect_01,行業主類 B： 採礦及採石,Industry section B :  Mining and quarrying
HKMDS,201912,T0205,class1_code,indsect_02,行業主類 C： 製造,Industry section C :  Manufacturing
HKMDS,201912,T0205,class1_code,indsect_03,行業主類 D 及 E： 電力和燃氣供應及廢棄物管理,"Industry sections D & E :  Electricity and gas supply, and waste management"
HKMDS,201912,T0205,class1_code,indsect_04,行業主類 F： 建築地盤 (只包括地盤工人) (註釋 1),Industry section F :  Construction sites (manual workers only)(note 1)
HKMDS,201912,T0205,class1_code,indsect_05,行業主類 G： 進出口貿易、批發及零售 (註釋 2),"Industry section G :  Import/export, wholesale and retail trades (note 2)"
HKMDS,201912,T0205,class1_code,indsect_0501,部分行業主類 G： 進出口貿易及批發,Part of industry section G :  Import/export trade and wholesale
HKMDS,201912,T0205,class1_code,indsect_0502,部分行業主類 G： 零售 (註釋 2),Part of industry section G :  Retail (note 2)
HKMDS,201912,T0205,class1_code,indsect_06,行業主類 H： 運輸、倉庫、郵政及速遞服務 (註釋 2),"Industry section H :  Transportation, storage, postal and courier services (note 2)"
HKMDS,201912,T0205,class1_code,indsect_07,行業主類 I： 住宿 (註釋 3)及膳食服務,Industry section I :  Accommodation (note 3) and food services
HKMDS,201912,T0205,class1_code,indsect_08,行業主類 J： 資訊及通訊,Industry section J :  Information and communications
HKMDS,201912,T0205,class1_code,indsect_09,行業主類 K： 金融及保險 (註釋 2),Industry section K :  Financing and insurance (note 2)
HKMDS,201912,T0205,class1_code,indsect_10,行業主類 L： 地產,Industry section L :  Real estate
HKMDS,201912,T0205,class1_code,indsect_11,行業主類 M 及 N： 專業及商用服務 (註釋 2),Industry sections M & N :  Professional and business services (note 2)
HKMDS,201912,T0205,class1_code,indsect_12,行業主類 P - S： 社會及個人服務 (註釋 2),Industry sections P - S :  Social and personal services (note 2)
HKMDS,201912,T0205,class1_code,indsect_tt,以上行業主類總計 (註釋 1) (註釋 2),Total of industry sections above (note 1) (note 2)
HKMDS,201912,T0205,class2_code,sex_01,男性,Male
HKMDS,201912,T0205,class2_code,sex_02,女性,Female
HKMDS,201912,T0205,class2_code,sex_tt,總計,Total
HKMDS,201912,T0205,figure,***,為使個別機構單位所提供的資料得以保密，數據不予公布,Data are not released in order to safeguard confidentiality of information provided by individual establishments
HKMDS,201912,T0205,other_info,note_1,(註釋 1) 建築地盤的機構單位數目是指地盤數目，而就業人數及職位空缺數目只包括地盤工人。,"(note 1) Establishments in construction sites refer to number of sites, while persons engaged and vacancies refer to manual workers only."
HKMDS,201912,T0205,other_info,note_2,(註釋 2) 統計數字所包括的行業範圍並不完整。個別行業主類及總計的數字只涉及「僱傭及職位空缺按季統計調查」與「建築地盤就業人數按季統計調查」所包括的選定行業。,(note 2) The industrial coverage is not complete.  Figures for the individual industry sections and the total figures relate only to those selected industries covered in the Quarterly Survey of Employment and Vacancies and the Quarterly Employment Survey of Construction Sites.
HKMDS,201912,T0205,other_info,note_3,(註釋 3) 住宿服務業包括酒店、賓館、旅舍及其他提供短期住宿服務的機構單位。,"(note 3) Accommodation services sector covers hotels, guesthouses, boarding houses and other establishments providing short term accommodation."
HKMDS,201912,T0205,other_info,source,政府統計處就業統計及機構記錄組,"Employment Statistics and Central Register of Establishments Section, Census and Statistics Department"
HKMDS,201912,T0206,table,T0206,表2.6：按行業主類／行業大類劃分的機構單位數目、就業人數及職位空缺數目 (公務員除外),"Table 2.6 : Number of establishments, persons engaged and vacancies (other than those in the civil service) by industry section/industry division"
HKMDS,201912,T0206,stat,M020601,機構單位數目,No. of establishment
HKMDS,201912,T0206,stat,M020602,就業人數,No. of persons engaged
HKMDS,201912,T0206,stat,M020603,職位空缺數目,No. of vacancies
HKMDS,201912,T0206,class1,indsev,行業主類,Industry section
HKMDS,201912,T0206,class1_code,indsev_01,採礦及採石,Mining and quarrying
HKMDS,201912,T0206,class1_code,indsev_02,製造,Manufacturing
HKMDS,201912,T0206,class1_code,indsev_0201,製造 - 食品的製造,Manufacturing - Manufacture of food products
HKMDS,201912,T0206,class1_code,indsev_0202,製造 - 飲品的製造,Manufacturing - Manufacture of beverages
HKMDS,201912,T0206,class1_code,indsev_0203,製造 - 煙草製品的製造,Manufacturing - Manufacture of tobacco products
HKMDS,201912,T0206,class1_code,indsev_0204,製造 - 紡織品的製造,Manufacturing - Manufacture of textiles
HKMDS,201912,T0206,class1_code,indsev_0205,製造 - 成衣的製造,Manufacturing - Manufacture of wearing apparel
HKMDS,201912,T0206,class1_code,indsev_0206,製造 - 皮革及相關製品的製造；以及木材及木製品、水松製品、草編及編結材料製品的製造 (傢具及玩具除外),"Manufacturing - Manufacture of leather and related products; and manufacture of wood and of products of wood and cork, articles of straw and  plaiting materials (except furniture and toys)"
HKMDS,201912,T0206,class1_code,indsev_0207,製造 - 紙及紙製品的製造,Manufacturing - Manufacture of paper and paper products
HKMDS,201912,T0206,class1_code,indsev_0208,製造 - 印刷及已儲錄資料媒體的複製,Manufacturing - Printing and reproduction of recorded media
HKMDS,201912,T0206,class1_code,indsev_0209,製造 - 焦煤和精煉石油產品的製造；以及化學品及化學產品的製造,Manufacturing - Manufacture of coke and refined petroleum products; and manufacture of chemicals and chemical products
HKMDS,201912,T0206,class1_code,indsev_0210,製造 - 藥品、醫藥化學劑和植物藥材的製造,"Manufacturing - Manufacture of pharmaceuticals, medicinal chemical and botanical products"
HKMDS,201912,T0206,class1_code,indsev_0211,製造 - 橡膠及塑膠產品的製造 (傢具、玩具、體育用品及文具除外),"Manufacturing - Manufacture of rubber and plastics products (except furniture, toys, sports goods and stationery)"
HKMDS,201912,T0206,class1_code,indsev_0212,製造 - 其他非金屬礦產製品的製造,Manufacturing - Manufacture of other non-metallic mineral products
HKMDS,201912,T0206,class1_code,indsev_0213,製造 - 基本金屬的製造,Manufacturing - Manufacture of basic metals
HKMDS,201912,T0206,class1_code,indsev_0214,製造 - 金屬製品的製造 (機械及設備除外),Manufacturing - Manufacture of fabricated metal products (except machinery and equipment)
HKMDS,201912,T0206,class1_code,indsev_0215,製造 - 電腦、電子及光學產品的製造,"Manufacturing - Manufacture of computer, electronic and optical products"
HKMDS,201912,T0206,class1_code,indsev_0216,製造 - 電器設備的製造,Manufacturing - Manufacture of electrical equipment
HKMDS,201912,T0206,class1_code,indsev_0217,製造 - 其他機械設備的製造,Manufacturing - Manufacture of machinery and equipment not elsewhere classified
HKMDS,201912,T0206,class1_code,indsev_0218,製造 - 汽車的裝嵌及其他運輸設備的製造,Manufacturing - Body assembly of motor vehicles and manufacture of other transport equipment
HKMDS,201912,T0206,class1_code,indsev_0219,製造 - 傢具的製造,Manufacturing - Manufacture of furniture
HKMDS,201912,T0206,class1_code,indsev_0220,製造 - 其他製造業,Manufacturing - Other manufacturing
HKMDS,201912,T0206,class1_code,indsev_0221,製造 - 機械及設備的維修及安裝,Manufacturing - Repair and installation of machinery and equipment
HKMDS,201912,T0206,class1_code,indsev_03,電力及燃氣供應,Electricity and gas supply
HKMDS,201912,T0206,class1_code,indsev_04,污水處理、廢棄物管理及污染防治服務,"Sewerage, waste management and remediation services"
HKMDS,201912,T0206,class1_code,indsev_0401,污水處理、廢棄物管理及污染防治服務 - 污水處理,"Sewerage, waste management and remediation services - Sewerage"
HKMDS,201912,T0206,class1_code,indsev_0402,污水處理、廢棄物管理及污染防治服務 - 廢棄物的收集、處理及處置；資源的回收處理,"Sewerage, waste management and remediation services - Waste collection, treatment and disposal; materials recovery"
HKMDS,201912,T0206,class1_code,indsev_0403,污水處理、廢棄物管理及污染防治服務 - 污染防治及其他廢棄物處理服務,"Sewerage, waste management and remediation services - Remediation and other waste management services"
HKMDS,201912,T0206,class1_code,indsev_05,建築地盤 (只包括地盤工人) (註釋 1),Construction sites (manual workers only) (note 1)
HKMDS,201912,T0206,class1_code,indsev_0501,建築地盤 (只包括地盤工人) (註釋 1) - 公營地盤,Construction sites (manual workers only) (note 1)  - Public sector sites
HKMDS,201912,T0206,class1_code,indsev_050101,建築地盤 (只包括地盤工人) (註釋 1) - 公營地盤 - 樓宇建築地盤,Construction sites (manual workers only) (note 1)  - Public sector sites - Building sites
HKMDS,201912,T0206,class1_code,indsev_050102,建築地盤 (只包括地盤工人) (註釋 1) - 公營地盤 - 土木工程地盤,Construction sites (manual workers only) (note 1)  - Public sector sites - Civil engineering sites
HKMDS,201912,T0206,class1_code,indsev_0502,建築地盤 (只包括地盤工人) (註釋 1) - 私營地盤,Construction sites (manual workers only) (note 1)  - Private sector sites
HKMDS,201912,T0206,class1_code,indsev_050201,建築地盤 (只包括地盤工人) (註釋 1) - 私營地盤 - 樓宇建築地盤,Construction sites (manual workers only) (note 1)  - Private sector sites - Building sites
HKMDS,201912,T0206,class1_code,indsev_050202,建築地盤 (只包括地盤工人) (註釋 1) - 私營地盤 - 土木工程地盤,Construction sites (manual workers only) (note 1)  - Private sector sites - Civil engineering sites
HKMDS,201912,T0206,class1_code,indsev_06,進出口貿易、批發及零售 (註釋 2),"Import/export, wholesale and retail trades (note 2)"
HKMDS,201912,T0206,class1_code,indsev_0601,進出口貿易、批發及零售 - 進出口貿易,"Import/export, wholesale and retail trades - Import and export trade"
HKMDS,201912,T0206,class1_code,indsev_0602,進出口貿易、批發及零售 - 批發,"Import/export, wholesale and retail trades - Wholesale"
HKMDS,201912,T0206,class1_code,indsev_0603,進出口貿易、批發及零售 - 零售業 (註釋 2),"Import/export, wholesale and retail trades - Retail trade (note 2)"
HKMDS,201912,T0206,class1_code,indsev_07,運輸、倉庫、郵政及速遞服務 (註釋 2),"Transportation, storage, postal and courier services (note 2)"
HKMDS,201912,T0206,class1_code,indsev_0701,運輸、倉庫、郵政及速遞服務 - 陸路運輸,"Transportation, storage, postal and courier services - Land transport"
HKMDS,201912,T0206,class1_code,indsev_0702,運輸、倉庫、郵政及速遞服務 - 水上運輸,"Transportation, storage, postal and courier services - Water transport"
HKMDS,201912,T0206,class1_code,indsev_0703,運輸、倉庫、郵政及速遞服務 - 航空運輸,"Transportation, storage, postal and courier services - Air transport"
HKMDS,201912,T0206,class1_code,indsev_0704,運輸、倉庫、郵政及速遞服務 - 貨倉及運輸輔助服務,"Transportation, storage, postal and courier services - Warehousing and support services for transportation"
HKMDS,201912,T0206,class1_code,indsev_0705,運輸、倉庫、郵政及速遞服務 - 郵政及速遞服務,"Transportation, storage, postal and courier services - Postal and courier services"
HKMDS,201912,T0206,class1_code,indsev_08,住宿 (註釋 3) 及膳食服務,Accommodation (note 3) and food services
HKMDS,201912,T0206,class1_code,indsev_0801,住宿及膳食服務 - 住宿服務 (註釋 3),Accommodation and food services - Accommodation services (note 3)
HKMDS,201912,T0206,class1_code,indsev_0802,住宿 (註釋 3) 及膳食服務 - 餐飲服務,Accommodation (note 3) and food services - Food and beverage services
HKMDS,201912,T0206,class1_code,indsev_09,資訊及通訊,Information and communications  
HKMDS,201912,T0206,class1_code,indsev_0901,資訊及通訊 - 出版,Information and communications - Publishing
HKMDS,201912,T0206,class1_code,indsev_0902,資訊及通訊 - 電影、錄像及電視節目製作、錄音及音樂出版、節目編製及廣播,"Information and communications - Motion picture, video and television programme production, sound recording and music publishing, programming and broadcasting"
HKMDS,201912,T0206,class1_code,indsev_0903,資訊及通訊 - 電訊,Information and communications - Telecommunications
HKMDS,201912,T0206,class1_code,indsev_0904,資訊及通訊 - 資訊科技服務,Information and communications - Information technology services
HKMDS,201912,T0206,class1_code,indsev_0905,資訊及通訊 - 資訊服務,Information and communications - Information services
HKMDS,201912,T0206,class1_code,indsev_10,金融及保險 (註釋 2),Financing and insurance (note 2)
HKMDS,201912,T0206,class1_code,indsev_1001,金融及保險 (註釋 2) - 金融服務（保險及退休基金除外）,Financing and insurance (note 2) - Financial services (except insurance and pension funding)
HKMDS,201912,T0206,class1_code,indsev_1002,金融及保險 (註釋 2) - 保險,Financing and insurance (note 2) - Insurance
HKMDS,201912,T0206,class1_code,indsev_1003,金融及保險 (註釋 2) - 金融保險輔助服務,Financing and insurance (note 2) - Services auxiliary to financial and insurance services
HKMDS,201912,T0206,class1_code,indsev_11,地產,Real estate
HKMDS,201912,T0206,class1_code,indsev_12,專業、科學及技術服務,"Professional, scientific and technical services"
HKMDS,201912,T0206,class1_code,indsev_1201,專業、科學及技術服務 - 法律及會計服務,"Professional, scientific and technical services - Legal and accounting services"
HKMDS,201912,T0206,class1_code,indsev_1202,專業、科學及技術服務 - 總辦事處；管理及管理顧問服務,"Professional, scientific and technical services - Activities of head offices; management and management consultancy services"
HKMDS,201912,T0206,class1_code,indsev_1203,專業、科學及技術服務 - 建築及工程服務、技術測試及分析,"Professional, scientific and technical services - Architecture and engineering services, technical testing and analysis "
HKMDS,201912,T0206,class1_code,indsev_1204,專業、科學及技術服務 - 科學研究及發展,"Professional, scientific and technical services - Scientific research and development"
HKMDS,201912,T0206,class1_code,indsev_1205,專業、科學及技術服務 - 廣告及市場研究,"Professional, scientific and technical services - Advertising and market research"
HKMDS,201912,T0206,class1_code,indsev_1206,專業、科學及技術服務 - 獸醫和其他專業、科學及技術服務,"Professional, scientific and technical services - Veterinary services; and other professional, scientific and technical services"
HKMDS,201912,T0206,class1_code,indsev_13,行政及支援服務 (註釋 2),Administrative and support services (note 2)
HKMDS,201912,T0206,class1_code,indsev_1301,行政及支援服務 (註釋 2) - 租賃服務,Administrative and support services (note 2) - Rental and leasing services
HKMDS,201912,T0206,class1_code,indsev_1302,行政及支援服務 (註釋 2) - 就業服務,Administrative and support services (note 2) - Employment services
HKMDS,201912,T0206,class1_code,indsev_1303,行政及支援服務 (註釋 2) - 旅行代理、代訂服務及相關服務,"Administrative and support services (note 2) - Travel agency, reservation service and related services"
HKMDS,201912,T0206,class1_code,indsev_1304,行政及支援服務 (註釋 2) - 保安及偵查服務,Administrative and support services (note 2) - Security and investigation services
HKMDS,201912,T0206,class1_code,indsev_1305,行政及支援服務 (註釋 2) - 建築物及園境護理服務,Administrative and support services (note 2) - Services to buildings and landscape care
HKMDS,201912,T0206,class1_code,indsev_1306,行政及支援服務 (註釋 2) - 辦公室行政、辦公室支援及其他商業支援服務,"Administrative and support services (note 2) - Office administrative, office support and other business support services"
HKMDS,201912,T0206,class1_code,indsev_14,教育,Education
HKMDS,201912,T0206,class1_code,indsev_15,人類保健及社會工作服務 (註釋 2),Human health and social work services (note 2)
HKMDS,201912,T0206,class1_code,indsev_1501,人類保健及社會工作服務 (註釋 2) - 人類保健服務,Human health and social work services (note 2) - Human health services
HKMDS,201912,T0206,class1_code,indsev_1502,人類保健及社會工作服務 (註釋 2) - 住宿護理服務,Human health and social work services (note 2) - Residential care services
HKMDS,201912,T0206,class1_code,indsev_1503,人類保健及社會工作服務 (註釋 2) - 社會工作服務,Human health and social work services (note 2) - Social work services
HKMDS,201912,T0206,class1_code,indsev_16,藝術、娛樂及康樂活動 (註釋 2),"Arts, entertainment and recreation (note 2)"
HKMDS,201912,T0206,class1_code,indsev_1601,藝術、娛樂及康樂活動 (註釋 2) - 創作及表演藝術活動,"Arts, entertainment and recreation (note 2) - Creative and performing arts activities"
HKMDS,201912,T0206,class1_code,indsev_1602,藝術、娛樂及康樂活動 (註釋 2) - 圖書館、檔案保存、博物館及其他文化活動,"Arts, entertainment and recreation (note 2) - Libraries, archives, museums and other cultural activities"
HKMDS,201912,T0206,class1_code,indsev_1603,藝術、娛樂及康樂活動 (註釋 2) - 遊樂園及主題樂園,"Arts, entertainment and recreation (note 2) - Amusement parks and theme parks"
HKMDS,201912,T0206,class1_code,indsev_1604,藝術、娛樂及康樂活動 (註釋 2) - 體育及其他娛樂服務,"Arts, entertainment and recreation (note 2) - Sports and other entertainment services"
HKMDS,201912,T0206,class1_code,indsev_17,其他服務 (註釋 2),Other services (note 2)
HKMDS,201912,T0206,class1_code,indsev_1701,其他服務 (註釋 2) - 會員制組織活動,Other services (note 2) - Activities of membership organisations
HKMDS,201912,T0206,class1_code,indsev_1702,其他服務 (註釋 2) - 汽車、電單車、電腦、個人及家庭用品修理,"Other services (note 2) - Repair of motor vehicles, motorcycles, computers, personal and household goods"
HKMDS,201912,T0206,class1_code,indsev_1703,其他服務 (註釋 2) - 其他個人服務,Other services (note 2) - Other personal services
HKMDS,201912,T0206,class1_code,indsev_18,以上行業主類總計 (註釋 1) (註釋 2),Total of industry sections above (note 1) (note 2)
HKMDS,201912,T0206,figure,***,為使個別機構單位所提供的資料得以保密，數據不予公布,Data are not released in order to safeguard confidentiality of information provided by individual establishments
HKMDS,201912,T0206,other_info,note_1,(註釋 1) 建築地盤的機構單位數目是指地盤數目，而就業人數及職位空缺數目只包括地盤工人。,"(note 1) Establishments in construction sites refer to number of sites, while persons engaged and vacancies refer to manual workers only."
HKMDS,201912,T0206,other_info,note_2,(註釋 2) 統計數字所包括的行業範圍並不完整。個別行業主類及總計的數字只涉及「僱傭及職位空缺按季統計調查」與「建築地盤就業人數按季統計調查」所包括的選定行業。,(note 2) The industrial coverage is not complete.  Figures for the individual industry sections and the total figures relate only to those selected industries covered in the Quarterly Survey of Employment and Vacancies and the Quarterly Employment Survey of Construction Sites.
HKMDS,201912,T0206,other_info,note_3,"(註釋 3) 住宿服務業包括酒店、賓館、旅舍及其他提供短期住宿服務的機構單位。
","(note 3) Accommodation services sector covers hotels, guesthouses, boarding houses and other establishments providing short term accommodation."
HKMDS,201912,T0206,other_info,source,政府統計處就業統計及機構記錄組,"Employment Statistics and Central Register of Establishments Section, Census and Statistics Department"
HKMDS,201912,T0207,table,T0207,表2.7：按行業主類及機構規模劃分的機構單位數目及就業人數（公務員除外）,Table 2.7 : Number of establishments and persons engaged (other than those in the civil service) by industry section and size of establishment
HKMDS,201912,T0207,stat,M020701,機構單位數目,No. of establishments
HKMDS,201912,T0207,stat,M020702,就業人數,No. of persons engaged
HKMDS,201912,T0207,class1,indsect,行業主類,Industry section
HKMDS,201912,T0207,class1_code,indsect_01,行業主類 B： 採礦及採石,Industry section B :  Mining and quarrying
HKMDS,201912,T0207,class1_code,indsect_02,行業主類 C： 製造,Industry section C :  Manufacturing
HKMDS,201912,T0207,class1_code,indsect_03,行業主類 D 及 E： 電力和燃氣供應及廢棄物管理,"Industry sections D & E :  Electricity and gas supply, and waste management"
HKMDS,201912,T0207,class1_code,indsect_04,行業主類 F： 建築地盤 (只包括地盤工人) (註釋 1),Industry section F :  Construction sites (manual workers only) (note 1)
HKMDS,201912,T0207,class1_code,indsect_05,行業主類 G： 進出口貿易、批發及零售(註釋 2),"Industry section G :  Import/export, wholesale and retail trades (note 2)"
HKMDS,201912,T0207,class1_code,indsect_0501,部分行業主類 G： 進出口貿易及批發,Part of industry section G :  Import/export trade and wholesale
HKMDS,201912,T0207,class1_code,indsect_0502,部分行業主類 G： 零售 (註釋 2),Part of industry section G :  Retail (note 2)
HKMDS,201912,T0207,class1_code,indsect_06,行業主類 H： 運輸、倉庫、郵政及速遞服務 (註釋 2),"Industry section H :  Transportation, storage, postal and courier services (note 2)"
HKMDS,201912,T0207,class1_code,indsect_07,行業主類 I： 住宿 (註釋 3) 及膳食服務,Industry section I :  Accommodation (note 3) and food services
HKMDS,201912,T0207,class1_code,indsect_08,行業主類 J： 資訊及通訊,Industry section J :  Information and communications
HKMDS,201912,T0207,class1_code,indsect_09,行業主類 K： 金融及保險 (註釋 2),Industry section K :  Financing and insurance (note 2)
HKMDS,201912,T0207,class1_code,indsect_10,行業主類 L： 地產,Industry section L :  Real estate
HKMDS,201912,T0207,class1_code,indsect_11,行業主類 M 及 N： 專業及商用服務 (註釋 2),Industry sections M & N :  Professional and business services (note 2)
HKMDS,201912,T0207,class1_code,indsect_12,行業主類 P - S： 社會及個人服務 (註釋 2),Industry sections P - S :  Social and personal services (note 2)
HKMDS,201912,T0207,class1_code,indsect_tt,以上行業主類總計 (註釋 1) (註釋 2),Total of industry sections above (note 1) (note 2)
HKMDS,201912,T0207,class2,size,機構規模 (按就業人數劃分),Size of establishment (in terms of number of persons engaged)
HKMDS,201912,T0207,class2_code,size_01,1 - 9,1 - 9
HKMDS,201912,T0207,class2_code,size_02,10 - 19,10 - 19
HKMDS,201912,T0207,class2_code,size_03,20 - 49,20 - 49
HKMDS,201912,T0207,class2_code,size_04,50 - 99,50 - 99
HKMDS,201912,T0207,class2_code,size_05,100 - 199,100 - 199
HKMDS,201912,T0207,class2_code,size_06,200 - 499,200 - 499
HKMDS,201912,T0207,class2_code,size_07,500 - 999,500 - 999
HKMDS,201912,T0207,class2_code,size_08,≧ 1000,≧ 1000
HKMDS,201912,T0207,class2_code,size_tt,總計,Total
HKMDS,201912,T0207,other_info,note_1,(註釋 1) 建築地盤的機構單位數目是指地盤數目，而就業人數只包括地盤工人。,"(note 1) Establishments in construction sites refer to number of sites, while persons engaged refer to manual workers only."
HKMDS,201912,T0207,other_info,note_2,(註釋 2) 統計數字所包括的行業範圍並不完整。個別行業主類及總計的數字只涉及「僱傭及職位空缺按季統計調查」與「建築地盤就業人數按季統計調查」所包括的選定行業。,(note 2) The industrial coverage is not complete.  Figures for the individual industry sections and the total figures relate only to those selected industries covered in the Quarterly Survey of Employment and Vacancies and the Quarterly Employment Survey of Construction Sites.
HKMDS,201912,T0207,other_info,note_3,(註釋 3) 住宿服務業包括酒店、賓館、旅舍及其他提供短期住宿服務的機構單位。,"(note 3) Accommodation services sector covers hotels, guesthouses, boarding houses and other establishments providing short term accommodation."
HKMDS,201912,T0207,other_info,source,政府統計處就業統計及機構記錄組,"Employment Statistics and Central Register of Establishments Section, Census and Statistics Department"
HKMDS,201912,T0208,table,T0208,表2.8：選定行業主類內經季節性調整及未經調整的就業人數（公務員除外）按3個月的變動百分率,Table 2.8 : Percentage change over 3-month period of the seasonally adjusted and seasonally unadjusted statistics of persons engaged (other than those in the civil service) in selected industry sections
HKMDS,201912,T0208,stat,M020801,經季節性調整的就業人數（公務員除外）按3個月的變動百分率 [%],Percentage change over 3-month period of the seasonally adjusted statistics of persons engaged (other than those in the civil service) [%]
HKMDS,201912,T0208,stat,M020802,未經季節性調整的就業人數（公務員除外）按3個月的變動百分率 [%],Percentage change over 3-month period of the seasonally unadjusted statistics of persons engaged (other than those in the civil service) [%]
HKMDS,201912,T0208,class1,indcre,選定行業主類,Selected industry section
HKMDS,201912,T0208,class1_code,indcre_tt,所有行業主類 (註釋 1),All industry sections covered (note 1)
HKMDS,201912,T0208,class1_code,indcre_01,行業主類 C： 製造,Industry section C :  Manufacturing
HKMDS,201912,T0208,class1_code,indcre_02,行業主類 D 及 E： 電力和燃氣供應及廢棄物管理,"Industry sections D & E :  Electricity and gas supply, and waste management"
HKMDS,201912,T0208,class1_code,indcre_03,行業主類 F： 建築地盤 (只包括地盤工人),Industry section F :  Construction sites (manual workers only)
HKMDS,201912,T0208,class1_code,indcre_04,行業主類 G： 進出口貿易、批發及零售(註釋 1),"Industry section G :  Import/export, wholesale and retail trades (note 1)"
HKMDS,201912,T0208,class1_code,indcre_05,行業主類 I： 住宿 (註釋 2) 及膳食服務,Industry section I :  Accommodation (note 2) and food services
HKMDS,201912,T0208,class1_code,indcre_06,行業主類 K - N： 金融及保險、地產以及專業及商用服務 (註釋 1),"Industry sections K - N : Financing and insurance, real estate, and professional and business services (note1)"
HKMDS,201912,T0208,class1_code,indcre_07,行業主類 P - S： 社會及個人服務 (註釋 1),Industry sections P - S :  Social and personal services (note 1)
HKMDS,201912,T0208,other_info,note_G1,經季節性調整的數列會因應最新數據的趨勢而定期調整。,The seasonally adjusted data series are subject to routine revision when more up-to-date figures become available.
HKMDS,201912,T0208,other_info,note_G2,由於部分行業主類沒有明顯的季節性模式，所以並沒有編製有關的數字。,Seasonally adjusted data series are not compiled for some industry sections as no clear seasonal patterns are found in these sections.
HKMDS,201912,T0208,other_info,note_1,(註釋 1) 統計數字所包括的行業範圍並不完整。個別行業主類及總計的數字只涉及「僱傭及職位空缺按季統計調查」與「建築地盤就業人數按季統計調查」所包括的選定行業。,(note 1) The industrial coverage is not complete.  Figures for the individual industry sections and the total figures relate only to those selected industries covered in the Quarterly Survey of Employment and Vacancies and the Quarterly Employment Survey of Construction Sites.
HKMDS,201912,T0208,other_info,note_2,(註釋 2) 住宿服務業包括酒店、賓館、旅舍及其他提供短期住宿服務的機構單位。,"(note 2) Accommodation services sector covers hotels, guesthouses, boarding houses and other establishments providing short term accommodation."
HKMDS,201912,T0208,figure,§,"少於0.05%。
",Less than 0.05%.
HKMDS,201912,T0208,other_info,source,政府統計處就業統計及機構記錄組,"Employment Statistics and Central Register of Establishments Section, Census and Statistics Department"
HKMDS,201912,T0209,table,T0209,表2.9：按行業主類劃分的就業人士名義及實質平均薪金指數,Table 2.9 : Nominal and Real Indices of Payroll per Person Engaged by industry section
HKMDS,201912,T0209,stat,M020901,就業人士名義平均薪金指數 (1999年第1季=100),Nominal index of Payroll per Person Engaged (1st quarter 1999=100)
HKMDS,201912,T0209,stat,M020902,就業人士實質平均薪金指數 (1999年第1季=100) (註釋 1),Real index of Payroll per Person Engaged (1st quarter 1999=100) (note 1) 
HKMDS,201912,T0209,class1,indwl,行業主類,Industry section
HKMDS,201912,T0209,class1_code,indwl_01,製造,Manufacturing
HKMDS,201912,T0209,class1_code,indwl_02,電力及燃氣供應,Electricity and gas supply
HKMDS,201912,T0209,class1_code,indwl_03,污水處理、廢棄物管理及污染防治服務,"Sewerage, waste management and remediation services"
HKMDS,201912,T0209,class1_code,indwl_0401,進出口貿易及批發,Import/export trade and wholesale
HKMDS,201912,T0209,class1_code,indwl_0402,零售,Retail
HKMDS,201912,T0209,class1_code,indwl_05,運輸、倉庫、郵政及速遞服務,"Transportation, storage, postal and courier services"
HKMDS,201912,T0209,class1_code,indwl_06,住宿 (註釋 2) 及膳食服務,Accommodation (note 2) and food services
HKMDS,201912,T0209,class1_code,indwl_07,資訊及通訊,Information and communications 
HKMDS,201912,T0209,class1_code,indwl_08,金融及保險,Financing and insurance
HKMDS,201912,T0209,class1_code,indwl_09,地產,Real estate 
HKMDS,201912,T0209,class1_code,indwl_10,專業及商用服務,Professional and business services
HKMDS,201912,T0209,class1_code,indwl_11,社會及個人服務,Social and personal services
HKMDS,201912,T0209,class1_code,indwl_tt,所有選定行業主類 (註釋 3),All selected industry sections (note 3)
HKMDS,201912,T0209,figure,***,為使個別機構單位所提供的資料得以保密，數據不予公布,Data are not released in order to safeguard confidentiality of information provided by individual establishments
HKMDS,201912,T0209,other_info,note_1,(註釋 1) 就業人士實質平均薪金指數是按其名義指數扣除以2014/15年為基期的綜合消費物價指數而計算出來。,(note 1) The Real Indices of Payroll per Person Engaged are derived by deflating the corresponding nominal indices by the 2014/15-based Composite CPI.
HKMDS,201912,T0209,other_info,note_2,(註釋 2) 住宿服務業包括酒店、賓館、旅舍及其他提供短期住宿服務的機構單位。,"(note 2) Accommodation services sector covers hotels, guesthouses, boarding houses and other establishments providing short term accommodation."
HKMDS,201912,T0209,other_info,note_3,(註釋 3) 「所有選定行業主類」的數字是指「勞工收入統計調查」內薪金總額統計調查涵蓋的所有行業，包括並沒有列出其統計數字的採礦及採石業與電力及燃氣供應業。,"(note 3) Figures for ""All selected industry sections"" refer to all industries covered by the payroll enquiry of the Labour Earnings Survey, including the mining and quarrying industry and the electricity and gas supply industry, the statistics of which are not separately shown."
HKMDS,201912,T0209,other_info,source,政府統計處工資及勞工成本統計組,"Wages and Labour Costs Statistics Section, Census and Statistics Department"
HKMDS,201912,T0210,table,T0210,表2.10：按行業主類劃分的經季節性調整及未經季節性調整的就業人士名義及實質平均薪金指數按季變動,Table 2.10 : Quarter-to-quarter rates of change in the seasonally adjusted and seasonally unadjusted series of Nominal and Real Indices of Payroll per Person Engaged by industry section
HKMDS,201912,T0210,stat,M021001,經季節性調整的就業人士名義平均薪金指數的按季變動 [%],Seasonally adjusted quarter-to-quarter rates of change of Nominal index of Payroll per Person Engaged [%]
HKMDS,201912,T0210,stat,M021002,未經季節性調整的就業人士名義平均薪金指數的按季變動 [%],Seasonally unadjusted quarter-to-quarter rates of change of Nominal index of Payroll per Person Engaged [%]
HKMDS,201912,T0210,stat,M021003,經季節性調整的就業人士實質平均薪金指數 (註釋 1) 的按季變動 [%],Seasonally adjusted quarter-to-quarter rates of change of Real index of Payroll per Person Engaged (note 1) [%]
HKMDS,201912,T0210,stat,M021004,未經季節性調整的就業人士實質平均薪金指數 (註釋 1) 的按季變動 [%],Seasonally unadjusted quarter-to-quarter rates of change of Real index of Payroll per Person Engaged (note 1) [%]
HKMDS,201912,T0210,class1,indwl,行業主類,Industry section
HKMDS,201912,T0210,class1_code,indwl_01,製造,Manufacturing
HKMDS,201912,T0210,class1_code,indwl_03,污水處理、廢棄物管理及污染防治服務,"Sewerage, waste management and remediation services"
HKMDS,201912,T0210,class1_code,indwl_0401,進出口貿易及批發,Import/export trade and wholesale 
HKMDS,201912,T0210,class1_code,indwl_0402,零售,Retail
HKMDS,201912,T0210,class1_code,indwl_05,運輸、倉庫、郵政及速遞服務,"Transportation, storage, postal and courier services"
HKMDS,201912,T0210,class1_code,indwl_06,住宿 (註釋 2) 及膳食服務,Accommodation (note 2) and food services
HKMDS,201912,T0210,class1_code,indwl_07,資訊及通訊,Information and communications
HKMDS,201912,T0210,class1_code,indwl_08,金融及保險,Financing and insurance 
HKMDS,201912,T0210,class1_code,indwl_09,地產,Real estate
HKMDS,201912,T0210,class1_code,indwl_10,專業及商用服務,Professional and business services
HKMDS,201912,T0210,class1_code,indwl_11,社會及個人服務,Social and personal services
HKMDS,201912,T0210,class1_code,indwl_tt,所有選定行業主類 (註釋 3),All selected industry sections (note 3)
HKMDS,201912,T0210,other_info,note_G1,上表所列經季節性調整的數字，會隨着獲取更多後期數據後，在首度發表後3年內，進行修訂。最近一次修訂是在獲取2018年第4季的數字後完成。,The seasonally adjusted figures presented above are subject to revision (as more data become available) up to 3 years after the original publication.  The latest revision has been done with data of the fourth quarter of 2018 taken into account.
HKMDS,201912,T0210,other_info,note_1,(註釋 1) 就業人士實質平均薪金指數是按其名義指數扣除以2014/15年為基期的綜合消費物價指數而計算出來。,(note 1) The Real Indices of Payroll per Person Engaged are derived by deflating the corresponding nominal indices by the 2014/15-based Composite CPI.
HKMDS,201912,T0210,other_info,note_2,(註釋 2) 住宿服務業包括酒店、賓館、旅舍及其他提供短期住宿服務的機構單位。,"(note 2) Accommodation services sector covers hotels, guesthouses, boarding houses and other establishments providing short term accommodation."
HKMDS,201912,T0210,other_info,note_3,(註釋 3) 「所有選定行業主類」的數字是指「勞工收入統計調查」內薪金總額統計調查涵蓋的所有行業，包括並沒有列出其統計數字的採礦及採石業與電力及燃氣供應業。,"(note 3) Figures for ""All selected industry sections"" refer to all industries covered by the payroll enquiry of the Labour Earnings Survey, including the mining and quarrying industry and the electricity and gas supply industry, the statistics of which are not separately shown."
HKMDS,201912,T0210,figure,§,變動在±0.05%之內,Change within ±0.05%
HKMDS,201912,T0210,figure,≈,沒有數字 (由於此行業主類的就業人士名義及實質平均薪金指數沒有錄得明顯的季節性模式，所以沒有提供經季節性調整的數字。),Not available (Seasonally adjusted figures are not available as there are no clear seasonal patterns found in the Nominal and Real Indices of Payroll per Person Engaged in the industry section.)
HKMDS,201912,T0210,other_info,source,政府統計處工資及勞工成本統計組,"Wages and Labour Costs Statistics Section, Census and Statistics Department"
HKMDS,201912,T0211,table,T0211,表2.11：按行業主類及主要職業組別劃分的工資指數,Table 2.11 : Wage Indices by industry section and broad occupational group
HKMDS,201912,T0211,stat,M021101,名義工資指數 (1992年9月=100),Nominal Wage Index (September 1992=100)
HKMDS,201912,T0211,stat,M021102,實質工資指數 (1992年9月=100) (註釋 1),Real Wage Index (September 1992=100) (note 1)
HKMDS,201912,T0211,class1,indwl,行業主類,Industry section
HKMDS,201912,T0211,class2,bog,主要職業組別,Broad occupational group
HKMDS,201912,T0211,class1_code,indwl_01,製造,Manufacturing
HKMDS,201912,T0211,class1_code,indwl_04,進出口貿易、批發及零售,"Import/export, wholesale and retail trades"
HKMDS,201912,T0211,class1_code,indwl_0501,運輸,Transportation
HKMDS,201912,T0211,class1_code,indwl_06,住宿 (註釋 2) 及膳食服務,Accommodation (note 2) and food services
HKMDS,201912,T0211,class1_code,indwl_08,金融及保險,Financing and insurance
HKMDS,201912,T0211,class1_code,indwl_0901,地產租賃及保養管理,Real estate leasing and maintenance management
HKMDS,201912,T0211,class1_code,indwl_10,專業及商用服務,Professional and business services
HKMDS,201912,T0211,class1_code,indwl_1101,個人服務,Personal services
HKMDS,201912,T0211,class1_code,indwl_tt,所有選定行業主類 (註釋 3),All selected industry sections (note 3)
HKMDS,201912,T0211,class2_code,bog_01,技術工人及操作工人,Craftsmen and operatives
HKMDS,201912,T0211,class2_code,bog_02,督導級、技術員級、文書級及其他非生產級工人,"Supervisory, technical, clerical and miscellaneous non-production workers"
HKMDS,201912,T0211,class2_code,bog_03,所有上列主要職業組別,All above broad occupational groups
HKMDS,201912,T0211,figure,***,為使個別機構單位所提供的資料得以保密，數據不予公布,Data are not released in order to safeguard confidentiality of information provided by individual establishments
HKMDS,201912,T0211,other_info,note_G1,統計調查期內，「進出口貿易、批發及零售」、「住宿及膳食服務」、「金融及保險」和「專業及商用服務」的「技術工人及操作工人」並沒有數據。,"Data for ""Craftsmen and operatives"" of ""Import/export, wholesale and retail trades"", ""Accommodation and food services"", ""Financing and insurance"" and ""Craftsmen and operatives"" are not available for the survey period."
HKMDS,201912,T0211,other_info,note_1,(註釋 1) 實質工資指數是按其名義指數扣除以2014/15年為基期的甲類消費物價指數而計算出來。,(note 1) Real Wage Index is derived by deflating the corresponding nominal  index by the 2014/15-based CPI(A).
HKMDS,201912,T0211,other_info,note_2,(註釋 2) 住宿服務業包括酒店、賓館、旅舍及其他提供短期住宿服務的機構單位。,"(note 2) Accommodation services sector covers hotels, guesthouses, boarding houses and other establishments providing short term accommodation."
HKMDS,201912,T0211,other_info,note_3,(註釋 3) 「所有選定行業主類」的數字是指「勞工收入統計調查」內工資統計調查涵蓋的所有行業，包括電力及燃氣供應、污水處理及廢棄物管理與出版。,"(note 3) Figures for ""All selected industry sections"" refer to all industries covered by the wage enquiry of the Labour Earnings Survey, including electricity and gas supply; sewerage and waste management; and publishing."
HKMDS,201912,T0211,other_info,source,政府統計處工資及勞工成本統計組,"Wages and Labour Costs Statistics Section, Census and Statistics Department"
HKMDS,201912,T0212,table,T0212,表2.12：由主要承建商填報有關從事公營建築工程的工人的每日平均工資,Table 2.12 : Average daily wages of workers engaged in Public Sector Construction Projects as reported by main contractors
HKMDS,201912,T0212,stat,M021201,從事公營建築工程的工人的每日平均工資 [元],Average daily wages of workers engaged in Public Sector Construction Projects [$]
HKMDS,201912,T0212,class1,worker,從事公營建築工程的工人,Workers engaged in Public Sector Construction Projects
HKMDS,201912,T0212,class1_code,worker_01,混凝土工,Concretor
HKMDS,201912,T0212,class1_code,worker_02,砌磚工,Bricklayer
HKMDS,201912,T0212,class1_code,worker_03,地渠工,Drainlayer
HKMDS,201912,T0212,class1_code,worker_04,砌石工,Mason
HKMDS,201912,T0212,class1_code,worker_05,鋼筋屈紮工,Bar bender and fixer
HKMDS,201912,T0212,class1_code,worker_06,金屬工,Metal worker
HKMDS,201912,T0212,class1_code,worker_07,普通焊接工,General welder
HKMDS,201912,T0212,class1_code,worker_08,結構鋼架工,Structural steel erector
HKMDS,201912,T0212,class1_code,worker_09,結構鋼材焊接工,Structural steel welder
HKMDS,201912,T0212,class1_code,worker_10,索具工 (叻㗎) ／金屬模板裝嵌工,Rigger/metal formwork erector
HKMDS,201912,T0212,class1_code,worker_11,木模板工,Carpenter (formwork)
HKMDS,201912,T0212,class1_code,worker_12,細木工,Joiner
HKMDS,201912,T0212,class1_code,worker_13,水喉工,Plumber
HKMDS,201912,T0212,class1_code,worker_14,建造機械技工,Construction plant mechanic
HKMDS,201912,T0212,class1_code,worker_15,機械設備操作工 (負荷物移動機械),Plant & equipment operator (load shifting)
HKMDS,201912,T0212,class1_code,worker_16,重型車輛駕駛員,Truck driver
HKMDS,201912,T0212,class1_code,worker_17,鑽破工,Rock-breaking driller
HKMDS,201912,T0212,class1_code,worker_18,瀝青工 (道路建造),Asphalter (road construction)
HKMDS,201912,T0212,class1_code,worker_19,竹棚工,Bamboo scaffolder
HKMDS,201912,T0212,class1_code,worker_20,潛水員,Diver
HKMDS,201912,T0212,class1_code,worker_21,批盪工,Plasterer
HKMDS,201912,T0212,class1_code,worker_22,玻璃工,Glazier
HKMDS,201912,T0212,class1_code,worker_23,髹漆及裝飾工,Painter and decorator
HKMDS,201912,T0212,class1_code,worker_24,平水工,Leveller
HKMDS,201912,T0212,class1_code,worker_25,雲石工,Marble worker
HKMDS,201912,T0212,class1_code,worker_26,電氣裝配工 (包括電工),Electrical fitter (including electrician)
HKMDS,201912,T0212,class1_code,worker_27,機械打磨裝配工,Mechanical fitter
HKMDS,201912,T0212,class1_code,worker_28,空調製冷設備技工,Refrigeration/air-conditioning/ventilation mechanic
HKMDS,201912,T0212,class1_code,worker_29,消防設備技工,Fire services mechanic
HKMDS,201912,T0212,class1_code,worker_30,升降機及自動梯技工,Lift and escalator mechanic
HKMDS,201912,T0212,class1_code,worker_31,屋宇設備保養技工,Building services maintenance mechanic 
HKMDS,201912,T0212,class1_code,worker_32,強電流電纜接駁工,Power cable jointer
HKMDS,201912,T0212,class1_code,worker_33,普通工人及雜工,General workers and labourers
HKMDS,201912,T0212,other_info,note_G1,上表的數字乃根據由公營建築工程（指建築署、土木工程拓展署、渠務署、機電工程署、環境保護署、路政署、房屋署及水務署範圍的工程項目）的主要承建商自行填報的行政報表，即「建造工程的地盤工人調配及工資月報表」(GF527)的資料編製而成。這些數字主要用於計算公營建築工程工資成本的變動，而非反映建造業的整體工資情況。,"Figures in the above table are compiled based on the information obtained from the self-administered ""Monthly Return of Site Labour Deployment and Wage Rates for Construction Works"" (GF527) completed by main contractors in the Public Sector Construction Projects (i.e. construction projects under the purview of Architectural Services Department, Civil Engineering and Development Department, Drainage Services Department, Electrical and Mechanical Services Department, Environmental Protection Department, Highways Department, Housing Department and Water Supplies Department). They are compiled mainly for deriving the changes in labour costs in Public Sector Construction Projects and are not meant to reflect the overall wage situation in the construction industry."
HKMDS,201912,T0212,other_info,note_G2,一些職業的每日平均工資可能有較大的按月波動，這主要是由於這些職業的人力需求較小，每月只有很少數目（且可能與上月完全不同）的公營建築工程聘請有關工人；而不同工程所需的工人的技術水平／經驗亦可能有很大差別。,The average daily wages of some occupations may be subject to relatively large fluctuations from month to month.  This is mainly because the number of workers required for these occupations is relatively small such that only a small number of Public Sector Construction Projects (which may be completely different from those in the preceding month) employ such workers each month; and the levels of skill/experience of the workers required by different projects could vary largely.
HKMDS,201912,T0212,other_info,note_G3,如某個職業在當月沒有更新的數據，將會列出該職業曾有數據的最近一個月份的數字。,"If there is no up-to-date data in the reference month for an occupation, the figure of the same occupation in the latest previous month where data were available will be provided."
HKMDS,201912,T0212,other_info,source,政府統計處工資及勞工成本統計組,"Wages and Labour Costs Statistics Section, Census and Statistics Department"
HKMDS,201912,T0213,table,T0213,表2.13：按選定行業主類劃分的中層經理級與專業僱員薪金指數,Table 2.13 : Salary indices for middle-level managerial and professional employees by selected industry section
HKMDS,201912,T0213,stat,M021301,名義薪金指數,Nominal salary index
HKMDS,201912,T0213,stat,M021302,實質薪金指數 (註釋 1),Real salary index (note 1)
HKMDS,201912,T0213,class1,saindex,薪金指數類別,Type of Salary Index
HKMDS,201912,T0213,class1_code,saindex_01,薪金指數 (甲)  (1995年6月=100),Salary Index (A)  (June 1995=100)
HKMDS,201912,T0213,class1_code,saindex_02,薪金指數 (乙)  (1995年6月=100),Salary Index (B)  (June 1995=100)
HKMDS,201912,T0213,class2,ind5,選定行業主類,Selected industry section
HKMDS,201912,T0213,class2_code,ind5_01,製造、電力及燃氣供應,"Manufacturing, electricity and gas supply"
HKMDS,201912,T0213,class2_code,ind5_02,樓宇建築、建造及有關行業,"Building, construction and related trades "
HKMDS,201912,T0213,class2_code,ind5_03,進出口貿易、批發及零售,"Import/export, wholesale and retail trades"
HKMDS,201912,T0213,class2_code,ind5_04,運輸、倉庫、通訊及旅行代理,"Transportation, storage, communications and travel agencies"
HKMDS,201912,T0213,class2_code,ind5_05,金融及保險,Financing and insurance 
HKMDS,201912,T0213,class2_code,ind5_tt,所有選定行業主類,All selected industry sections
HKMDS,201912,T0213,other_info,note_G1,數字指有關年度6月份的指數。,Figures refer to June of the year.
HKMDS,201912,T0213,other_info,note_1,(註釋 1) 實質薪金指數（甲）及（乙）均是以相應的名義薪金指數扣除以2014/15年為基期的丙類消費物價指數而計算出來。,(note 1) Both Real Salary Indices (A) and (B) are derived by deflating the corresponding Nominal Salary Indices by the 2014/15-based Consumer Price Index (C).
HKMDS,201912,T0213,other_info,source,政府統計處工資及勞工成本統計組,"Wages and Labour Costs Statistics Section, Census and Statistics Department"
HKMDS,201912,T0214,table,T0214,表2.14：按意外類別劃分的職業傷亡個案（2019年1月至6月）,Table 2.14 : Occupational injuries analysed by type of accident (January to June 2019)
HKMDS,201912,T0214,stat,M021401,職業傷亡個案,Occupational injuries
HKMDS,201912,T0214,class1,typeAcc,意外類別,Type of accident
HKMDS,201912,T0214,class1_code,typeAcc_01,受困於物件之內或物件之間,Trapped in or between objects
HKMDS,201912,T0214,class1_code,typeAcc_02,提舉或搬運物件時受傷,Injured whilst lifting or carrying
HKMDS,201912,T0214,class1_code,typeAcc_03,滑倒、絆倒或在同一高度跌倒,"Slip, trip or fall on same level"
HKMDS,201912,T0214,class1_code,typeAcc_04,人體從高處墮下,Fall of person from height
HKMDS,201912,T0214,class1_code,typeAcc_05,與固定或不動的物件碰撞,Striking against fixed or stationary object
HKMDS,201912,T0214,class1_code,typeAcc_06,被移動物件或與移動物件碰撞,Striking against or struck by moving object
HKMDS,201912,T0214,class1_code,typeAcc_07,踏在物件上,Stepping on object
HKMDS,201912,T0214,class1_code,typeAcc_08,暴露於有害物質中或接觸有害物質,Exposure to or contact with harmful substance
HKMDS,201912,T0214,class1_code,typeAcc_09,觸電或接觸放出的電流,Contact with electricity or electric discharge
HKMDS,201912,T0214,class1_code,typeAcc_10,受困於倒塌或翻側的物件,Trapped by collapsing or overturning object
HKMDS,201912,T0214,class1_code,typeAcc_11,遭墮下的物件撞擊,Struck by falling object
HKMDS,201912,T0214,class1_code,typeAcc_12,遭移動中的車輛撞倒,Struck by moving vehicle
HKMDS,201912,T0214,class1_code,typeAcc_13,觸及開動中的機器或觸及以機器製造中的物件,Contact with moving machinery or object being machined
HKMDS,201912,T0214,class1_code,typeAcc_14,遇溺,Drowning
HKMDS,201912,T0214,class1_code,typeAcc_15,火警燒傷,Exposure to fire
HKMDS,201912,T0214,class1_code,typeAcc_16,爆炸受傷,Exposure to explosion
HKMDS,201912,T0214,class1_code,typeAcc_17,被手工具所傷,Injured by hand tool
HKMDS,201912,T0214,class1_code,typeAcc_18,泥土傾瀉受傷,Injured by fall of ground
HKMDS,201912,T0214,class1_code,typeAcc_19,窒息,Asphyxiation
HKMDS,201912,T0214,class1_code,typeAcc_20,觸及灼熱表面或物質,Contact with hot surface or substance
HKMDS,201912,T0214,class1_code,typeAcc_21,被動物所傷,Injured by animal
HKMDS,201912,T0214,class1_code,typeAcc_22,於工作場所暴力事件中受傷,Injured in workplace violence
HKMDS,201912,T0214,class1_code,typeAcc_23,其他類別,Others
HKMDS,201912,T0214,class1_code,typeAcc_tt,總計,Total
HKMDS,201912,T0214,class2,occinj,職業傷亡個案,Occupational injuries
HKMDS,201912,T0214,class2_code,occinj_01,死,Fatal
HKMDS,201912,T0214,class2_code,occinj_02,傷,Non-fatal
HKMDS,201912,T0214,class2_code,occinj_tt,總計,Total
HKMDS,201912,T0214,other_info,note_G1,上列的傷亡數字為截至2019年9月25日所記錄的數字，可能在日後會作出修訂。,The above injury figures are recorded as at 25 September 2019 and are subject to revision later on.
HKMDS,201912,T0214,other_info,source,勞工處,Labour Department
HKMDS,201912,T0215,table,T0215,表2.15：按意外類別及行業劃分的工業意外個案（2019年1月至6月）,Table2.15：Industrial accidents analysed by type of accident and industry (January to June 2019) 
HKMDS,201912,T0215,stat,M021501,工業意外個案,Industrial accidents
HKMDS,201912,T0215,stat,M021502,死亡人數,Number of fatalities
HKMDS,201912,T0215,class1,accid,行業意外類別,Type of accident
HKMDS,201912,T0215,class2,indld,行業,Industry
HKMDS,201912,T0215,class1_code,accid_01,受困於物件之內或物件之間,Trapped in or between objects
HKMDS,201912,T0215,class1_code,accid_02,提舉或搬運物件時受傷,Injured whilst lifting or carrying
HKMDS,201912,T0215,class1_code,accid_03,滑倒、絆倒或在同一高度跌倒,"Slip, trip or fall on same level"
HKMDS,201912,T0215,class1_code,accid_04,人體從高處墮下,Fall of person from height
HKMDS,201912,T0215,class1_code,accid_05,與固定或不動的物件碰撞,Striking against fixed or stationary object
HKMDS,201912,T0215,class1_code,accid_06,被移動物件或與移動物件碰撞,Striking against or struck by moving object
HKMDS,201912,T0215,class1_code,accid_07,踏在物件上,Stepping on object
HKMDS,201912,T0215,class1_code,accid_08,暴露於有害物質中或接觸有害物質,Exposure to or contact with harmful substance
HKMDS,201912,T0215,class1_code,accid_09,觸電或接觸放出的電流,Contact with electricity or electric discharge
HKMDS,201912,T0215,class1_code,accid_10,受困於倒塌或翻側的物件,Trapped by collapsing or overturning object
HKMDS,201912,T0215,class1_code,accid_11,遭墮下的物件撞擊,Struck by falling object
HKMDS,201912,T0215,class1_code,accid_12,遭移動中的車輛撞倒,Struck by moving vehicle
HKMDS,201912,T0215,class1_code,accid_13,觸及開動中的機器或觸及以機器製造中的物件,Contact with moving machinery or object being machined
HKMDS,201912,T0215,class1_code,accid_14,遇溺,Drowning
HKMDS,201912,T0215,class1_code,accid_15,火警燒傷,Exposure to fire
HKMDS,201912,T0215,class1_code,accid_16,爆炸受傷,Exposure to explosion
HKMDS,201912,T0215,class1_code,accid_17,被手工具所傷,Injured by hand tool
HKMDS,201912,T0215,class1_code,accid_18,泥土傾瀉受傷,Injured by fall of ground
HKMDS,201912,T0215,class1_code,accid_19,窒息,Asphyxiation
HKMDS,201912,T0215,class1_code,accid_20,觸及灼熱表面或物質,Contact with hot surface or substance
HKMDS,201912,T0215,class1_code,accid_21,被動物所傷,Injured by animal
HKMDS,201912,T0215,class1_code,accid_22,於工作場所暴力事件中受傷,Injured in workplace violence
HKMDS,201912,T0215,class1_code,accid_23,其他類別,Others
HKMDS,201912,T0215,class1_code,accid_tt,總計,Grand total
HKMDS,201912,T0215,class2_code,indld_01,食品、飲品及煙草製品的製造,"Manufacture of food products, beverages and tobacco products"
HKMDS,201912,T0215,class2_code,indld_02,紡織品的製造,Manufacture of textiles
HKMDS,201912,T0215,class2_code,indld_03,成衣的製造,Manufacture of wearing apparel
HKMDS,201912,T0215,class2_code,indld_04,皮革及相關製品、木材及木製品、水松製品、草編及編結材料製品（玩具除外）以及傢具的製造,"Manufacture of leather and related products, wood and products of wood and cork, articles of straw and plaiting materials (except toys),and furniture"
HKMDS,201912,T0215,class2_code,indld_05,紙及紙製品的製造；以及印刷及已儲錄資料媒體的複製,Manufacture of paper and paper products; and printing and reproduction of recorded media
HKMDS,201912,T0215,class2_code,indld_06,焦煤和精煉石油產品、化學品及化學產品，以及藥品、醫藥化學劑和植物藥材的製造,"Manufacture of coke and refined petroleum products; chemicals and chemical products; and pharmaceuticals, medicinal chemical and botanical products"
HKMDS,201912,T0215,class2_code,indld_07,橡膠及塑膠產品的製造（傢具、玩具、體育用品及文具除外）,"Manufacture of rubber and plastics products (except furniture, toys, sports goods and stationery)"
HKMDS,201912,T0215,class2_code,indld_08,其他非金屬礦產製品的製造,Manufacture of other non-metallic mineral products
HKMDS,201912,T0215,class2_code,indld_09,基本金屬的製造,Manufacture of basic metals
HKMDS,201912,T0215,class2_code,indld_10,金屬製品的製造（機械及設備除外）,Manufacture of fabricated metal products (except machinery and equipment)
HKMDS,201912,T0215,class2_code,indld_11,電腦、電子及光學產品的製造；電器設備及其他機械設備的製造、維修及安裝；以及汽車的裝嵌及其他運輸設備的製造,"Manufacture of computer, electronic and optical products; manufacture, repair & installation of electrical equipment and other machinery and equipment; and body assembly of motor vehicles and manufacture of other transport equipment"
HKMDS,201912,T0215,class2_code,indld_12,其他製造業,Other manufacturing
HKMDS,201912,T0215,class2_code,indld_13,電力及燃氣供應,Electricity and gas supply
HKMDS,201912,T0215,class2_code,indld_14,建造,Construction
HKMDS,201912,T0215,class2_code,indld_15,餐飲服務,Food and beverage services
HKMDS,201912,T0215,class2_code,indld_16,陸路運輸,Land transport
HKMDS,201912,T0215,class2_code,indld_17,污水處理；廢棄物的收集、處理及處置；資源的回收處理；以及污染防治服務,"Sewerage; waste collection, treatment and disposal; materials recovery; and remediation services"
HKMDS,201912,T0215,class2_code,indld_18,汽車、電單車、電腦、個人及家庭用品修理,"Repair of motor vehicles, motorcycles, computers, personal and household goods"
HKMDS,201912,T0215,class2_code,indld_19,其他非製造業,Other non-manufacturing industries
HKMDS,201912,T0215,class2_code,indld_tt,總計,Total
HKMDS,201912,T0215,other_info,note_G1,上列傷亡數字為截至2019年9月25日所記錄的數字，可能在日後會作出修訂。數字指意外事件的總數，括號內數字為死亡人數。,The above injury figures are recorded as at 25 September 2019 and are subject to revision later on.  Figures refer to the total number of accidents with the number of fatalities given in brackets.
HKMDS,201912,T0215,other_info,source,勞工處,Labour Department
HKMDS,201912,T0216,table,T0216,表2.16：按行業劃分的僱員停工事件,Table2.16：Stoppages of work by industry
HKMDS,201912,T0216,stat,M021601,僱員停工事件數目,Number of work stoppages
HKMDS,201912,T0216,stat,M021602,損失工作日數,Working days lost
HKMDS,201912,T0216,class1,indld8,行業,Industry 
HKMDS,201912,T0216,class1_code,indld8_01,製造,Manufacturing
HKMDS,201912,T0216,class1_code,indld8_02,電力、燃氣和自來水供應及廢棄物管理,"Electricity, gas and water supply, and waste management"
HKMDS,201912,T0216,class1_code,indld8_03,建造,Construction
HKMDS,201912,T0216,class1_code,indld8_04,進出口貿易、批發及零售,"Import/export, wholesale and retail trades"
HKMDS,201912,T0216,class1_code,indld8_05,住宿 (註釋 1) 及膳食服務,Accommodation (note 1) and food services
HKMDS,201912,T0216,class1_code,indld8_06,運輸、倉庫、郵政及速遞服務以及資訊及通訊,"Transportation, storage, postal and courier services, and information and communications"
HKMDS,201912,T0216,class1_code,indld8_07,金融及保險、地產以及專業及商用服務,"Financing and insurance, real estate, and professional and business services"
HKMDS,201912,T0216,class1_code,indld8_08,公共行政以及社會及個人服務,Public administration and social and personal services
HKMDS,201912,T0216,class1_code,indld8_tt,總計,Total
HKMDS,201912,T0216,other_info,note_1,(註釋 1) 住宿服務業包括酒店、賓館、旅舍及其他提供短期住宿服務的機構單位。,"(note 1) Accommodation services sector covers hotels, guesthouses, boarding houses and other establishments providing short term accommodation."
HKMDS,201912,T0216,other_info,note_2,(註釋 2) 數字包括一宗在2017年開始並在2018年結束的僱員停工事件。,(note 2) The figure includes one strike which started in 2017 and ended in 2018.
HKMDS,201912,T0216,other_info,source,勞工處,Labour Department
